fecha,titulo,cuerpo,fuente
2026-07-31 09:57:00+00:00,Why Amazon (AMZN) Stock Is Jumping 12% Despite a Massive AI Capex Hike - Barron's,"<a href=""https://news.google.com/rss/articles/CBMieEFVX3lxTE9zMWhyV3ZJYzlEUzdXRzFjc3MyODlubkZidkVaRml4R3FfN0NqRTAyVHhvaEV5WWJGYnZDeWFyeFZTM3NFMVBEdXRwOEdOampuQU5DcmRhdFg4QXFiRDZfcFJHSlZWRXlYNFI0UmhZWXYxM3JidENNQw?oc=5"" target=""_blank"">Why Amazon (AMZN) Stock Is Jumping 12% Despite a Massive AI Capex Hike</a>&nbsp;&nbsp;<font color=""#6f6f6f"">Barron's</font>",Barron's
2026-07-30 16:00:01+00:00,Amazon hikes 2026 capex to $220 billion due to higher memory costs - CNBC,"<ol><li><a href=""https://news.google.com/rss/articles/CBMifEFVX3lxTE5YU3ZKX2xoamdmZWNkOE52VGdqb3VtQTFUTXl1S0hwdWFZNGlNTE1SMGNjZlR1MXpVN2lINkVwd1VoWEdkTGFmcFItRTlxVFIyUkhwYlJCM3l5T29aYjhUM0tRSjdYNGVZY3c5eHBqVTNpVmR4aEdSTXJtd1HSAYIBQVVfeXFMTVhaMjBSNjI0eXFRb3NsNUxJNzNlalZvUjRUQkpmSFNkMGJtUVVGS19PN1JLdWpmMEdJaVVvR1B4S1dDN0NUM3dpcWRqdmxiZjdDakUzblV0TmU2QVI0UzRWNldDS3F0MC1DWGU2MUEydXV5c0lYYWI5bFA3WlJoSFhSZw?oc=5"" target=""_blank"">Amazon hikes 2026 capex to $220 billion due to higher memory costs</a>&nbsp;&nbsp;<font color=""#6f6f6f"">CNBC</font></li><li><a href=""https://news.google.com/rss/articles/CBMie0FVX3lxTFBDRDVENVllMTNvS05QVHdsMUdKbDB2NjRFRGxTWmNjUkFaYTFfeVBvTDQyN3NSR2lpR0xHejZSX1VtR0wxeTN2S1RKYWlZclI0SkRoY1VBNW1vdXd0dkxxei1RRnlnMkNjMzJZYm01SjBxSURRWmNzTVBEWQ?oc=5"" target=""_blank"">Amazon Shares Jump as Cloud Sales—and Spending—Accelerate</a>&nbsp;&nbsp;<font color=""#6f6f6f"">wsj.com</font></li><li><a href=""https://news.google.com/rss/articles/CBMi2AFBVV95cUxQODBCQjVnYkowWks5RkZYbGRaSDBuY0l5QTB6dWdhS3V2TllzVGJ3el9SdnJaUGVxcnpRbFVJZXZFaXBndUZRdVhGMzRmTkVxNkpCMThPbzgwN1FoN2RuSFJub2lvTzk1T2Q2eERGd0R3MTZ2djg0NGxSeFF5WGk2cDhrcE40X2NoVVoxUmVFRDRrY1JwdzdHZDJ4dFViQkFsZi0zdzBoSXpOeXBFUnRfR2xXNDNodnh4WkpKS05vVjZLMzY4dnlwa21faS1iOXRXelZNUWhxR3U?oc=5"" target=""_blank"">Amazon stock soars as e-commerce giant's AWS cloud business booms in 'home run' quarter</a>&nbsp;&nbsp;<font color=""#6f6f6f"">Yahoo Finance</font></li></ol>",CNBC
2026-07-31 08:13:58+00:00,"Alphabet, Amazon and Microsoft added nearly $1.5 trillion in combined value this week - CNBC","<a href=""https://news.google.com/rss/articles/CBMie0FVX3lxTE83UDhFcjNxOUdxa1dydWU2NmFjN0JFUk16ZUtJTk03dmVpakpLbmRybTNRdUVGYzM5cE9LNmVBMHVNLVR1bGVRZ2tyMGFScjJkeDFYNnRVdi1aXzhoMEQ3bElxVXYxVTFhMUptaHB3WWtuUzFNcWw3LTEzZ9IBgAFBVV95cUxOR3lVcFE4bmxqZ2JJSXp1M3VGYjFaX0x4YzVvTmtwaTZIaS1nZ25PV2FZOHc4WDJCWE9Td2N1amNrSzFLZ1lkUGl1Q2lKa1h5YzZpRlhqX3hJU2xNQ0t4bTJZMjlOVjdNalRfVU8tSXFDRi1TREg5b2piNGZiZGY3bg?oc=5"" target=""_blank"">Alphabet, Amazon and Microsoft added nearly $1.5 trillion in combined value this week</a>&nbsp;&nbsp;<font color=""#6f6f6f"">CNBC</font>",CNBC
2026-07-31 09:12:37+00:00,Amazon: What We Think of the Stock After Earnings - Morningstar,"<a href=""https://news.google.com/rss/articles/CBMijgFBVV95cUxPTXhIdDMwZ1JWb3Y3V0Z4QllGRUN1N1RjRFUyeFRNYm44OExQc2JXcjR0T2JwSWxvRWR6U2VscF9kT19pc2liWksybUtkd0lmVTg5YUZ0eFF2LUoxckZybjlJbnRqSldfUVp4NVA3RWVEQ01NMWQ0SlotTE0zenhaYWthYkM0cVgwZDFhb3Z3?oc=5"" target=""_blank"">Amazon: What We Think of the Stock After Earnings</a>&nbsp;&nbsp;<font color=""#6f6f6f"">Morningstar</font>",Morningstar
2026-07-31 20:40:00+00:00,U.S. Stocks Rise as Amazon Earnings Offset Apple Chip Woes - wsj.com,"<a href=""https://news.google.com/rss/articles/CBMiowFBVV95cUxNQkI4Ty1IeVBJQm5ZOEJIcVdYMXVCZjVBSlAtUXJCbDFZaWtDZ2xrWGtGTUNGQlU4NXZEVElhQjNuY1owdElXSUpvU3RlMVE4ckVVNE9uekZMR0d4T3BSQ0E1X1k2MTFXYUxZQkJZZW10UGdmRnFlbV9WUURtTmI3YlpOdmJVNEFVZ0IycVUxRmdFMHpzcnJtYjdnOXNwUmtRVVpB?oc=5"" target=""_blank"">U.S. Stocks Rise as Amazon Earnings Offset Apple Chip Woes</a>&nbsp;&nbsp;<font color=""#6f6f6f"">wsj.com</font>",wsj.com
2026-07-31 20:31:50+00:00,The $600 Million Reason Amazon Stock Is Up Today - barchart.com,"<a href=""https://news.google.com/rss/articles/CBMilgFBVV95cUxQTzFOU2N0c1ZpdEtmR2ZmM1JRMjdqMmx4R0tabGhCUHdvalltQkM1Rk1RYmtMT3ZxM3NEWkVPbXRRTWNzZDVWWnhKTmRIeHpxMFh5MGJERzhZLV9vODYxVW15cUZ1amw3bnRyMHk4TlNubk9xelhKMFE0Y1ZzT21HZVRtaE1CeFg3S3VTMmZ1NGhyaVg2R3c?oc=5"" target=""_blank"">The $600 Million Reason Amazon Stock Is Up Today</a>&nbsp;&nbsp;<font color=""#6f6f6f"">barchart.com</font>",barchart.com
2026-07-30 20:56:28+00:00,"After-Hours Stock Movers: AAPL, AMZN, COIN, RBLX, RDDT, AXTI, FND, WU, GDDY - Investing.com","<a href=""https://news.google.com/rss/articles/CBMixwFBVV95cUxQSzFyMWNZbDJTNlZld3lMOGR5MTdzV2FodGt1OVdEbUdnSWtaOUk2WTY4VDZXTXZ1WE5RUEYwbFJtZUF2XzF5cTFjbjJ5MjFtUTVLajZWZkhObWdsbm5uNDRNbTNkLUlSLVh4WGs0RWVud09XT0V4RElsRlhrRVdJNDQzdWFlM1ZYN2tURGp4azJlYWRqVUtlOE9HMndvc2VSQ1dDZnBrUFNNRzVXdVVjN09YYWJqOU91aEJCYWpjeWVmYWJmY0Yw?oc=5"" target=""_blank"">After-Hours Stock Movers: AAPL, AMZN, COIN, RBLX, RDDT, AXTI, FND, WU, GDDY</a>&nbsp;&nbsp;<font color=""#6f6f6f"">Investing.com</font>",Investing.com
2026-07-31 17:42:45+00:00,"Stock Market Today: Amazon Jumps 15%, Apple Wipes Out $475 Billion - Benzinga","<a href=""https://news.google.com/rss/articles/CBMiuwFBVV95cUxOZ3BQUnZKeVd4VVZCRkVCcVJBeXNLNkhKbU5FbTZlRlR2RkFPZU1neXRiRUc0Y2EtZkNqeGZmNUtFSDhnbThaOEkzYVZEZzNybHliMDVIMWlaZTc5WXYyeVJ6RjRnd1dsTWRMeTNHekN4SlpUQzFWNWx3eEk2SFhwclpHekZ1RDYtNXhFTUpuZEZKVzRCTS04SnhjRTloVzRCdGVXOE5VNUZmcHRic1dqSXkwWTRndVZDQlBR?oc=5"" target=""_blank"">Stock Market Today: Amazon Jumps 15%, Apple Wipes Out $475 Billion</a>&nbsp;&nbsp;<font color=""#6f6f6f"">Benzinga</font>",Benzinga
2026-08-02 11:07:00+00:00,JPMorgan resets Amazon stock target after AI payoff - thestreet.com,"<a href=""https://news.google.com/rss/articles/CBMiekFVX3lxTFB5eFhMclUzSkFaLWRtVllfS0RvajlGaTFuaFQ0cmtfY3pDX3JvV0tLYnVrMVZaUUcyVGtVOTRVT3YtNXhWX1pOYTQzdW8xT25lMnRpNHE5d0x2WnJfZGJFYlVDUVh3NWFFUVIySmRJWHhtRm40TzRZOEhB?oc=5"" target=""_blank"">JPMorgan resets Amazon stock target after AI payoff</a>&nbsp;&nbsp;<font color=""#6f6f6f"">thestreet.com</font>",thestreet.com
2026-07-30 22:19:00+00:00,Apple and Amazon report rising revenues as investors turn on some tech stocks - The Guardian,"<a href=""https://news.google.com/rss/articles/CBMikAFBVV95cUxOaFZHR2RMeDVCeEU3N3BMb0pTaXRFRkFlb2xRYW9fWjEyNnhPV3ZQWkZXVlN5LVpPUms2LVhLd2FfbkhBbDEzM1RuanJoNTlGSk9aajJoX3hlNlg5UExodWJPWHZYRnF6aXplX0Z4SjlLdGxQbWJsa0w5bXNYT0JmYUpGLUpoR1NKRHViX1NhUjc?oc=5"" target=""_blank"">Apple and Amazon report rising revenues as investors turn on some tech stocks</a>&nbsp;&nbsp;<font color=""#6f6f6f"">The Guardian</font>",The Guardian
2026-08-02 00:20:00+00:00,Amazon (AMZN) Stock Fair Value Edges Higher After AWS And AI Price Target Debate - Yahoo Finance,"<a href=""https://news.google.com/rss/articles/CBMimAFBVV95cUxNX1V0TGE5T3NTLXR1TVo2aTBFWnQxSFppMTFHeFVVNW1iSWxqSHZKdUwtanF1RW1ndkktTG9ydW5LRC1Qc2xpSXB6QXJLT2stWS1CQ09KRjludFM1anlfUHMybTR5dDZEbXRia0tVSmR2cEhuUkRvT1k0c2dSczZaQUZKS0duQS1PTkt0R3hzTWJrUzY5dUxmQg?oc=5"" target=""_blank"">Amazon (AMZN) Stock Fair Value Edges Higher After AWS And AI Price Target Debate</a>&nbsp;&nbsp;<font color=""#6f6f6f"">Yahoo Finance</font>",Yahoo Finance
2026-08-02 05:18:00+00:00,Amazon Stock Analysis: Buy or Sell? - fool.com,"<a href=""https://news.google.com/rss/articles/CBMiggFBVV95cUxNdmZjQnE4eFRCSXNlU2tCR1owc3VPOEJvQ01hSnYzUVdtaWp6dldJZ3Ywc0o0b1M4ODdvX3JrX2JpNVl0bjBNZGlWdnhMRUZaRVJQbzJFN3FBeUVOdUlHZkVQUGlCLWRBTXMteHhDS3pkN3VUZm1tZUxRdTFmeXpUT1F3?oc=5"" target=""_blank"">Amazon Stock Analysis: Buy or Sell?</a>&nbsp;&nbsp;<font color=""#6f6f6f"">fool.com</font>",fool.com
2026-07-30 20:04:12+00:00,Amazon.com Announces Second Quarter Results - Amazon Investor Relations,"<a href=""https://news.google.com/rss/articles/CBMirwFBVV95cUxOZExYaC1BN1dHSmNVeXVxYjdmTVB1Mk9zQTkta2hBZUJKc2FuTWhmNmdPRngzcFF3MUtNc1U4ODBEc2wxYmVoVWZIemI1c1E1elh5OGs2N2RhUHZzdnN6S3RNUDlsYmZSQWpsdWgtSlVrRm9xWkVsZ2RhQ3pxbjRWeGdqMlJmM1g3WUZacmU5U0xVSkdpQklvRHdyU1JwWkhySEN0NW0xOWdabFZ5eFRn?oc=5"" target=""_blank"">Amazon.com Announces Second Quarter Results</a>&nbsp;&nbsp;<font color=""#6f6f6f"">Amazon Investor Relations</font>",Amazon Investor Relations
2026-07-30 14:38:00+00:00,Here’s How Much Amazon Stock Is Expected to Move After Earnings - Investopedia,"<a href=""https://news.google.com/rss/articles/CBMiwgFBVV95cUxNX2lkeTRTd3ZJUmgyTk12dHc2TFpqRWw1ZUtaZTZIYkoyODZCamRROUhLTndGbHdCbEpPbFpwM2c1QmRmbDdyQmU5enZLYnFaMjB1N3F0cVJXNTR6WC1NdXA5ai1yZFhNM3dENC1WSUI3elBZNTlpNm0tck5heEh2Mm5xR01CMHVQMEpyWlhnVGZxdmMtSFg0T3hkWFRTMzg4WG9Qc3JBbERjQjdxbld0Uy1yaUxaOEdWYWRTM2poOTBxQQ?oc=5"" target=""_blank"">Here’s How Much Amazon Stock Is Expected to Move After Earnings</a>&nbsp;&nbsp;<font color=""#6f6f6f"">Investopedia</font>",Investopedia
2026-07-31 12:24:00+00:00,Amazon Stock Surges. Investors Are Shrugging Off The Tech Giant's AI Capex Hike. - Investor's Business Daily,"<a href=""https://news.google.com/rss/articles/CBMigwFBVV95cUxPcWxpcVh2R3dTanBFODhPUEJZMjJrZzNRUE9LUURRWGJIMVNVOU1hU3ZtbVI0M3V4bDBHMnpJVk9lQmx5OHFFRlloNTNRR0puTnVHeTFoNGt6S3Bma0tsX1VTRFZsTWJKV0trYnlSSmR3WFVPUGlEcklwUHhCZlNuLXVoMA?oc=5"" target=""_blank"">Amazon Stock Surges. Investors Are Shrugging Off The Tech Giant's AI Capex Hike.</a>&nbsp;&nbsp;<font color=""#6f6f6f"">Investor's Business Daily</font>",Investor's Business Daily
2026-07-30 20:04:00+00:00,Amazon lifts investment plans after strong cloud sales; shares jump - Reuters,"<a href=""https://news.google.com/rss/articles/CBMitAFBVV95cUxOY0xqQmlIUXJydk1wNzhibDVjTzVaekhCb3A1NWs2cm1aQUVtWU5tVEswRkhpdjE4Z3hzVk5MbmtBWUYtdnlPT3Q5a3lDRUdYd0prRnJhWXBqN1dpTVB3N0dFQW1oUGZYWHgyX19maWlvQkNKWnpBXzNCSUdKcThxdWxGTkhoTVZsOHdGZENlMXZHb1NnYzY2Y2ZBRVVkVURPd0pKeHZVb2ZjNzNGMnpTLUNWeE8?oc=5"" target=""_blank"">Amazon lifts investment plans after strong cloud sales; shares jump</a>&nbsp;&nbsp;<font color=""#6f6f6f"">Reuters</font>",Reuters
2026-07-30 20:20:00+00:00,Amazon stock pops on quarterly beat - CNBC,"<a href=""https://news.google.com/rss/articles/CBMihAFBVV95cUxOSkJEMzRXUVk2ODQ3ZTJ4d25iWHpTQjFXVHZxSHdnTzhyS1ZOQU5aRzRsTFR1TVRHV0VjSzluTUVhQzBZaGhDcUtDazFtSENkZENfQUdWX0o4SzMzNXAxaTc2ajJVTHBxOTVnbG5seXYtTF9Lc3hyU0phVFJKaXh6NWdoWXM?oc=5"" target=""_blank"">Amazon stock pops on quarterly beat</a>&nbsp;&nbsp;<font color=""#6f6f6f"">CNBC</font>",CNBC
2026-07-30 20:16:21+00:00,Amazon Reports Fifth Straight Quarter of Cloud Sales Growth - Bloomberg.com,"<a href=""https://news.google.com/rss/articles/CBMirwFBVV95cUxOcWRYZGJicTNSejFMQXZLTnBzS21ENDVSZDc4T2FHdDZUUk11X2c3cURqYnV6ekNRVmZKbXFPQkVoa2hlUGt3VDFCdUNOYjYwQnZkS3E2azFybTNrdWlieGlpbWhnQllCdUlUMnFCY05qdUoyRkotYWFqTDlhRllDaTFtWVZmREpPdXJ4QWxOcDUwaXhINHBzaC1rMEZ5R0d5Z0lHNnRVTWxIeUFOS1ZF?oc=5"" target=""_blank"">Amazon Reports Fifth Straight Quarter of Cloud Sales Growth</a>&nbsp;&nbsp;<font color=""#6f6f6f"">Bloomberg.com</font>",Bloomberg.com
2026-07-30 13:53:21+00:00,What's Behind the Amazon Stock Bounce Ahead of Q2 Earnings? - Benzinga,"<a href=""https://news.google.com/rss/articles/CBMiugFBVV95cUxNRlpxb2lIWHRxeFZrSzBNWnJpc3BncVFPWDllM2YwaTBSemhHcHJScjRGd0luZjZfRS1kNW5fdXQyYVNJdVBNdVlNcy1GQVE4bGRGMVE4ZEdVanNlVndnTDVubWp2N0VlcUN5MGlFajNJMkV3UXFjTWhvc1dkSU9iX0NJY0ZLdGI3UzBnS3RXMElTOVZUeU1MUWMwczVJUVJKalpxVklNaVB2S0FNSzBmc2FCYnIyWGpxaXc?oc=5"" target=""_blank"">What's Behind the Amazon Stock Bounce Ahead of Q2 Earnings?</a>&nbsp;&nbsp;<font color=""#6f6f6f"">Benzinga</font>",Benzinga
2026-07-31 20:40:00+00:00,"US stocks rise to finish a wild July as Amazon soars, Apple sinks and inflation worries worsen - The Journal Gazette","<a href=""https://news.google.com/rss/articles/CBMigAJBVV95cUxPT2loNGRBY2d5dnhGS3lKQTlrUzd2MUMwOVJ4MGIzRndFbFgyNm1KUlVQbVk5eVI0V0tSRTlfX2VhOTU1UWFlWTVfTDFyZGhaRGN2NGFVY05FcTJURmZWOWhubVg0d0YwSHJLSVNrTHdPSXpRcGZrX0ZvZGVFUmVJeHdISmYzM05TTnBCZElRVnlIY2hxbHFoekxENm5rcGFtMEFkWi01Xy1NalVCaEItVkVVeUozSTRXczZINXVUc2NJZk1iLTdoSzlYUmlmaTI4UkJFU1JvQVBzb2RKVXJDTHpuWUZib1RVREJOOElMeXhnVHlPN296bWpFQTVvU0x5?oc=5"" target=""_blank"">US stocks rise to finish a wild July as Amazon soars, Apple sinks and inflation worries worsen</a>&nbsp;&nbsp;<font color=""#6f6f6f"">The Journal Gazette</font>",The Journal Gazette
2026-07-29 14:05:02+00:00,What To Expect From Amazon’s (AMZN) Q2 Earnings - Yahoo Finance,"<a href=""https://news.google.com/rss/articles/CBMimwFBVV95cUxQdWVVbE1LNDVtZWVhZDdNLWhibmNuaTMwR0dmOXptTWZOWFY3cURtNGFHZVkyUFpKZjg3Y3FWQ29IdmJxTlBMZmVsMXdvNU9tVFRvaHFDb014bE53M3pXYnlvMnBWY2dCQ2dITnJsWVFwNjBWbzRNVzFCZno0dHFoVWc5T3BaQlkwRVNoajlRR0R0Zy1WeVlFVEttYw?oc=5"" target=""_blank"">What To Expect From Amazon’s (AMZN) Q2 Earnings</a>&nbsp;&nbsp;<font color=""#6f6f6f"">Yahoo Finance</font>",Yahoo Finance
2026-07-30 16:17:11+00:00,Cramer sees a 'sure signal to buy' stocks. Plus what we want from Amazon's results - CNBC,"<a href=""https://news.google.com/rss/articles/CBMinAFBVV95cUxNNGdIelZCdm1fMjl4eFZKSDVSeU1lLXhwVGtveWhCUnpLQjBtZjN1OW1ZRm5UUDV2bFJvck5ubS03SUh3Z1NQRGdKUVgxTUZ4NG1yY3FfX3FTRU54LTk5ajVyQVFMQ0VXR1M5VGJNdnUxcnExekNRMWdFeHp0amZnVjFRMHFmb1hfZXI0elFmWm5wbWF3ckx4VUJQM3U?oc=5"" target=""_blank"">Cramer sees a 'sure signal to buy' stocks. Plus what we want from Amazon's results</a>&nbsp;&nbsp;<font color=""#6f6f6f"">CNBC</font>",CNBC
2026-07-31 13:26:00+00:00,Nvidia Is Back on Top as Most Valuable Company After Apple Stumbles - Barron's,"<a href=""https://news.google.com/rss/articles/CBMidkFVX3lxTE9wY2RJT0FkTDdTZE85WlpnSXR2SWY4cUlsN3NYR3V5MTRPaUlqWkhYVlB2WERBdzhIdGRNVGF4MjF2VjJrVzdrWkF4eGxvWjhLZEd1Qjh2YTRiZndBTjdRQy1rbUlfd0tBWk5MYXhrU2ZJdVBFUkE?oc=5"" target=""_blank"">Nvidia Is Back on Top as Most Valuable Company After Apple Stumbles</a>&nbsp;&nbsp;<font color=""#6f6f6f"">Barron's</font>",Barron's
2026-07-31 20:33:43+00:00,Amazon stock soars 15% as e-commerce giant's AWS cloud business booms in 'home run' quarter - Yahoo Finance,"<a href=""https://news.google.com/rss/articles/CBMi5gFBVV95cUxNSm1XeGtlS2M1bG5INTRaQ0xucjVIVXVEZ3ZHMTdQdVdwa3psdFlQZjZOb3pnVGJNVDE3blY1NVY2djlDd010QzJibktUeEhFcFV4bTJ6NmU3RngzOEpLYzduQU5FRzBxTFhxT01YdFNUYWRqNHpOUlpyYXZYT0R1WXFsYzVidFZBb21ReUc5dFRCMEVOQ0YtWXdxZ2hoT1ZXLUZZMVowa1NIeG93cnlnVVU2c1pIZzFxTnk2X2ZkMlRzMGxvSlNhZm9uWUVzdXl0Slczc3FucXZzQjQwcGc3WnpGd2tmdw?oc=5"" target=""_blank"">Amazon stock soars 15% as e-commerce giant's AWS cloud business booms in 'home run' quarter</a>&nbsp;&nbsp;<font color=""#6f6f6f"">Yahoo Finance</font>",Yahoo Finance
2026-08-01 20:17:00+00:00,Amazon Just Left Investors Speechless - Yahoo Finance,"<a href=""https://news.google.com/rss/articles/CBMipAFBVV95cUxPc1pYcGp5cGNwSUpNZldyM3ZyeURscVJzcXJGTk1zRlJ1WnJLcnRNRmFnRXdQam1JbUV5UjVuSnk0azlxUl9TSktkRll0dmtGSzdsREFKR2RCVjlMQzhUcHQ2VnVGS2d3NU5uMGxHaEFacWZ6b3RUcWRWNkF2V2toTDlUeDdfZjdQeDhvdWRDNXVzRmhYNWd3OFFBLWJFWUUtZ21qZA?oc=5"" target=""_blank"">Amazon Just Left Investors Speechless</a>&nbsp;&nbsp;<font color=""#6f6f6f"">Yahoo Finance</font>",Yahoo Finance
2026-08-01 16:40:00+00:00,$AMZN stock rose 17% this week. Here's what we see in our data. - Quiver Quantitative,"<a href=""https://news.google.com/rss/articles/CBMipAFBVV95cUxQQkZ4eWE3ajg5bHJiRGRFV2Utd0RlX0ZFbjMtcWpZb09sb1dnb1R3dmtyWDhzR1ljNFlwRmY5d1RfV1c2YVFKdEQzdHctNVUtZFQ5MWVvMVFGVW1YSllDN01HSExFeWE1Ny1nZW9DTjJUM3dLSVhBbDVPQkRUblRvODZUTE1oYjcySzVEZy0wNzJxc05pX1cwd2wzaTk5WmpaTDZ6QQ?oc=5"" target=""_blank"">$AMZN stock rose 17% this week. Here's what we see in our data.</a>&nbsp;&nbsp;<font color=""#6f6f6f"">Quiver Quantitative</font>",Quiver Quantitative
2026-07-30 20:51:58+00:00,AMZN Stock Soars 7% After-Hours — Amazon’s Q2’26 AWS Sales Grow At Fastest Pace In Five Years - Yahoo Finance,"<a href=""https://news.google.com/rss/articles/CBMikwFBVV95cUxOVXdHNFZaenB2NVJGREpxOF9FYWRHajZybUNwdnh6RzNKQjFNVU0ydWFiV1dITy00ZEt3ck9EbEhaeVJnR2l3X2ZTYjdPMThjcWotYkhSQkQ0anRTVWFfTklGLWlfUzBmOS16SkwxTHc1bk1zNFY5azNxS3R0U0FVV1JseXg2cjZSOFJsR29ENGRFdmM?oc=5"" target=""_blank"">AMZN Stock Soars 7% After-Hours — Amazon’s Q2’26 AWS Sales Grow At Fastest Pace In Five Years</a>&nbsp;&nbsp;<font color=""#6f6f6f"">Yahoo Finance</font>",Yahoo Finance
2026-07-31 08:40:44+00:00,AMZN Stock Soars 12% in Pre-Market Trading After Blowout Q2 Results as Analyst Says Amazon Is Already 'Monetizing' Its AI Investments - Yahoo Finance,"<a href=""https://news.google.com/rss/articles/CBMikgFBVV95cUxQLTU2VHdPME1iTGVmSGE4M1pGUG16Q3o5T1hNUmk4aUl5T2x3Q01qWmxvQlVTbWJIVnprUnlyWjlCeVBIMzB1QVpOT0xfQm5QTmtxaG5KeW1Sa1JQT0d1bnhQWUZ4WklWTUVkZ0M1Rkt2bG85UkMtenVIcHNTd1FPd1E1R0hWVVRadXAzSHI1bUczUQ?oc=5"" target=""_blank"">AMZN Stock Soars 12% in Pre-Market Trading After Blowout Q2 Results as Analyst Says Amazon Is Already 'Monetizing' Its AI Investments</a>&nbsp;&nbsp;<font color=""#6f6f6f"">Yahoo Finance</font>",Yahoo Finance
2026-08-01 12:52:46+00:00,AMZN Stock Slides After Proposed Consumer Class Action Suit Over Trump Tariff Charges - Stocktwits,"<a href=""https://news.google.com/rss/articles/CBMi4wFBVV95cUxNWFBRVXdqbmg4bTZpUzZuVmdkVTh3UnVONjB4SGE5OEgxbWdqXzdpempCT2x2WGRNejlpdnE5azhuNlhlRjNqOXlRb0duSzhkdElacDd1NjBDZHZfVTBfajFKMUltUW0zVlNzR2duT1EzdTQ1UzdaMWFfRVlmMjNGYVItazBFVmVEYWhSQ3BUTDFVTnBuWUh4eURYQUs3LW82eWNLLXF5MzZlSmVvWE1YX01MUjRXSjBRVFNwUmxXTnQwekVyRU8tQlUtZE1Xay1mT1Z4RS1aSE01OGVWTXZ5VUZOOA?oc=5"" target=""_blank"">AMZN Stock Slides After Proposed Consumer Class Action Suit Over Trump Tariff Charges</a>&nbsp;&nbsp;<font color=""#6f6f6f"">Stocktwits</font>",Stocktwits
2026-07-31 02:32:40+00:00,Amazon Stock Pops 9.5% After-Hours as AWS Fuels Earnings Beat: Jim Cramer Calls it 'Astonishing' - Benzinga,"<a href=""https://news.google.com/rss/articles/CBMinwFBVV95cUxNcHkycTh0OGx6Zjc5clR2LU5ubVJ0cTdBQ1dKOU15cmJOQ2c5dnV4NlI1RVZUU2c1eHRFRzV2RjZvSVVRcEhpTU5VVEMxcEVuUU4yYVV2Zm9sSE5penQ1Smt6bVczcmZGX1VPN3g0WE5vSlZkQ01kN3paQVFYbnpZLXFtbTU5aXRpUzNfRElOLTRmbmpBd1RidnotV3FnT1k?oc=5"" target=""_blank"">Amazon Stock Pops 9.5% After-Hours as AWS Fuels Earnings Beat: Jim Cramer Calls it 'Astonishing'</a>&nbsp;&nbsp;<font color=""#6f6f6f"">Benzinga</font>",Benzinga
2026-07-31 14:50:56+00:00,"Amazon.com Stock Is Priced For The Bill, Not The Payback - Trefis","<a href=""https://news.google.com/rss/articles/CBMitwFBVV95cUxQd3JYdEI3Y3ZPbmNjTjlyS0JNTzhHN1VZaThXYk5ubmtBY1o1UGNOZ25QejhRNTl3WVBXUjRPRFZKa2cxLVdWWjVWWmppd1o4ejZRZGlCZGo1Znk3a0ROUFFJdXc1WDJJUnFXOGhCVmlfcDRuSVdxeHNqSHQ5Yl85TTRTZ0xTeG1NMUxEeVdUeXFsVy05b3p2bU1zbVdxRTBiaTVPbjZPVWJuejlVUnVDQk15dU1EYlU?oc=5"" target=""_blank"">Amazon.com Stock Is Priced For The Bill, Not The Payback</a>&nbsp;&nbsp;<font color=""#6f6f6f"">Trefis</font>",Trefis
2026-07-29 19:28:05+00:00,Why Amazon’s Solid Q2 Won’t Be Enough to Lift AMZN Stock - Yahoo Finance,"<a href=""https://news.google.com/rss/articles/CBMikgFBVV95cUxNSFNpZW1XT3JhQUJYbUJVQmpsT2JiWUZkNzJsUjVza25sOTJ5UFo2U0ZpczhGWVJjWEprQXgwbWRvSlRWMUlYc0hvQUlQa0xpXzVjWjZSNW9XM2VSNHRfWWFPQVJMVTBNdjhQNnBKQTl3QzUtdFVpZzE4SjgtdGFLeVkzN1ZIWEZBNXVZTS1IcGFjdw?oc=5"" target=""_blank"">Why Amazon’s Solid Q2 Won’t Be Enough to Lift AMZN Stock</a>&nbsp;&nbsp;<font color=""#6f6f6f"">Yahoo Finance</font>",Yahoo Finance
2026-07-31 12:07:50+00:00,"AMZN Stock Sees A Slew Of Price Hikes After ‘Clean’ Quarter – Amazon Sits 'Atop the AI Hyperscaler Pedestal', Says Analyst - TradingView","<a href=""https://news.google.com/rss/articles/CBMihgJBVV95cUxPampmZ0lBMGhhNkxrcmRfSXdwMmJ0dEVXQkJBbmxKT21WeFlZTnVMa2hDaUU5ZEhEOVk0bkUzRXRIUkZnaE5jNndBV3pnYWRXRENNOUV5VEtIVnhMcXFxZ2pfZURuZ2Q2TEdXR1RSTmx3QVNxRXJ5Z21KazVYcEIxRHV5UXFnRkRPdUJzVFJISkpTdjd4eGI5X0M5Nkd6eEh1YnIzZmNQZmNaejMxWVdFamlmQXdkR0gwRExCMTNZVTFyNWJLdVNWd1dEeFVMM09uR1ZOYm53NmgwVWVmbklHMU5tekRwQ1J0UnNXSms0QnZnT183NzFSUmNjakFuaWxSTGxSN2x3?oc=5"" target=""_blank"">AMZN Stock Sees A Slew Of Price Hikes After ‘Clean’ Quarter – Amazon Sits 'Atop the AI Hyperscaler Pedestal', Says Analyst</a>&nbsp;&nbsp;<font color=""#6f6f6f"">TradingView</font>",TradingView
2026-07-31 15:39:57+00:00,"Amazon (AMZN) Shares Skyrocket, What You Need To Know - Yahoo Finance","<a href=""https://news.google.com/rss/articles/CBMinwFBVV95cUxNUTFqOWVKUFd3RmYzdlNOVjRDb1NvNGc4TWlKRkNHR1poeXZ0amoxMVRKWm9ybTdRY1ljMnV3U19OWTIyakhyNjFVN3JpV1BSNi0xMW9IMlNpdE5fTV9MeHAzMlU0MGNlNElTdGRxZGw4cDgycU1RWXhOb1lhT1g3MmI3aWdwaUFvcWNXTkdsUlJvUVd3VDlDSlIyLUlrNlk?oc=5"" target=""_blank"">Amazon (AMZN) Shares Skyrocket, What You Need To Know</a>&nbsp;&nbsp;<font color=""#6f6f6f"">Yahoo Finance</font>",Yahoo Finance
2026-08-01 17:09:00+00:00,Amazon (NASDAQ: AMZN) Stock Price Surge Of Over 14% Drives S&P 500 And Nasdaq To Weekly Highs - foreignpolicyjournal.com,"<a href=""https://news.google.com/rss/articles/CBMi0wFBVV95cUxNdC1HTDIyc0llcU1TRVJ5dkJFUjlVbmUyZjdNNVpOY05qeEdSTHdWV2F3RV9rS3lLb1g5YjBCOElraTU4YmdlRExPUXBoU2xGM0stLUgtOXRNWk5nbGVVZXVqX1NPRG5RdVR5bUIzNVhvZERIaEctUUxkd1RiQzNza1FRMGtiOWJ4WWRBR3d0ZGZnbFVQd1A5cW5fWHBhdW9tODRfZ2k1REY3T3poV2w0ZmFsTzBTRXJDSno3QkFvN2pUX1BzbDdqRWEtNzk4YmNtQVNF?oc=5"" target=""_blank"">Amazon (NASDAQ: AMZN) Stock Price Surge Of Over 14% Drives S&P 500 And Nasdaq To Weekly Highs</a>&nbsp;&nbsp;<font color=""#6f6f6f"">foreignpolicyjournal.com</font>",foreignpolicyjournal.com
2026-07-31 11:49:18+00:00,"Amazon stock surges 13% on Q2 earnings, Apple stock drops 7% - qz.com","<a href=""https://news.google.com/rss/articles/CBMiZ0FVX3lxTFB5T3VzS24wanQ2bThhTGdvRkhFNjF6TVlQUUpsYjc0THJqTURnYkhBMnRSVElkZ0cxMTNMcXJ1OUpkSkd5Q0pLRjdxeUYwQVVxcXgtclc2YXRLeFZiSFdtcDBnMXI1Xzg?oc=5"" target=""_blank"">Amazon stock surges 13% on Q2 earnings, Apple stock drops 7%</a>&nbsp;&nbsp;<font color=""#6f6f6f"">qz.com</font>",qz.com
2026-08-01 03:15:16+00:00,Amazon (AMZN) Stock Repriced After Profitability Breakout Recast Its Earnings Story - simplywall.st,"<a href=""https://news.google.com/rss/articles/CBMixAFBVV95cUxOVzJpUnFpRXVydlRGZ2pvdXRhS0QtRnNqanZiNnVMREV5dl9oZ01ubjRoc1NhUW9pTzdXWTF2a3RpTVdaTkhWd0EyOGNoekFsZU5mNGo3OGl1dTExYjl5OFBZQnJHbHFZSlVwcFprOVNlUHN4SzBINkUtbzJrQk45TWhlUnI2bl8wQk4tVlk4MGJLVGZ1SkRDM2xFQmJORXJSQ2xyaDV0SFZ6dC0tRkgzc1JDemJfLXNMUUVBeHJGN2VaZTl50gHKAUFVX3lxTE9QYUhMSnVpTlNwR1RlQ0JleTl3TjNtTHlFSExvQnp6OUJyMGFqR2Frcy0wd0M3RlByRzdkbGdqSEU1aVIyd2ZOeGNUWjFnT3Bya0lIVmxXOEFNc0hMM09aTUNqMTVsaEt1cHcwdWhLUEtDOWxlLXpXcTFOYjliVXFXa3R1RmoyeTdXeFVuN2ZKUkFRVG1Yd1VvNGlyaEFCX2JRUkJyWFZudnVvejcza3VVU1doZ0EwVUpzU2FXem9tZE5LUDFWVEY4aUE?oc=5"" target=""_blank"">Amazon (AMZN) Stock Repriced After Profitability Breakout Recast Its Earnings Story</a>&nbsp;&nbsp;<font color=""#6f6f6f"">simplywall.st</font>",simplywall.st
2026-08-01 03:30:24+00:00,AMZN Stock Jumps Overnight: AWS Sticks With Nvidia Bet Even Amid Surging Demand For In-House Chips - Stocktwits,"<a href=""https://news.google.com/rss/articles/CBMi1gFBVV95cUxNbmFSVEhRamtlS24wazFWMWd1VVNTYUhlVHpCeF9OUXhLWmktOUxQUURXZ3AzcFE4bFpYVFNqOHd0Ykhwb0ZHU2JtbGlpbEl4b24tMHp0OFNRMXE0Mlg4enN6Q0pJSktaMDI0aWpRVkJUTlJ0TllXZW5jRHNKVXpMQ3pFNnJDdVlia2NpMmVleERXcDN6Z01vTUJHbDBrSVZPckt6bjMtTU1lQW41bUtEbWpadVlGeFI4VlEtQXlBX0x3N2NuVjVsb1JmQm9sRzVkUWdVZ25B?oc=5"" target=""_blank"">AMZN Stock Jumps Overnight: AWS Sticks With Nvidia Bet Even Amid Surging Demand For In-House Chips</a>&nbsp;&nbsp;<font color=""#6f6f6f"">Stocktwits</font>",Stocktwits
2026-07-31 20:12:16+00:00,Stocks Rise on Big Amazon Earnings Beat: Stock Market Today - Kiplinger,"<a href=""https://news.google.com/rss/articles/CBMiowFBVV95cUxPVm9aZFJTTFNMdFVndVFzaUs4dldmTEMtdlVoWHpzN0ZZZFF4MVlUSlVVUWxkOEdQUW9CUVVDaE1ObDEyaW1KbUVxRHVremxveG02UF9kVnROWUFrdEVxb1JXV1pKRGwtcl9zWGRYbDVlbVMzX0pPbjJISl9nNS1tWE9LbUgyMVNiMEduYlRuZlNYdTAxVGdPZGtKUFNiZ21NejlJ?oc=5"" target=""_blank"">Stocks Rise on Big Amazon Earnings Beat: Stock Market Today</a>&nbsp;&nbsp;<font color=""#6f6f6f"">Kiplinger</font>",Kiplinger
2026-06-30 07:00:00+00:00,"Jeff Bezos’ Amazon May Hit Historic Milestone No Company Has Reached, Says Analyst: 'Has One Of The Most Important…' - Yahoo Finance","<a href=""https://news.google.com/rss/articles/CBMilAFBVV95cUxOQ291ZUFfY3I5UUQybWhzaFdQM2RkM0IxYXU2Qk1SY0ZnNEc0VGNTc2pCQmpXZWV0UWpkRU5BVENVejZHVzl0RVAybVRMLUxaZGpaSFhaYVFRMl9qUnRkVXB6dkhYa183QThaT19HalprNzdYSFlrdUREdVp3Q1pld0lTOUZ5a19PRzdEcG1EczBsWFB6?oc=5"" target=""_blank"">Jeff Bezos’ Amazon May Hit Historic Milestone No Company Has Reached, Says Analyst: 'Has One Of The Most Important…'</a>&nbsp;&nbsp;<font color=""#6f6f6f"">Yahoo Finance</font>",Yahoo Finance
2026-07-31 11:40:10+00:00,Amazon Shares Surge on Cloud-Driven Quarterly Beat; CapEx Outlook Raised - Yahoo Finance,"<a href=""https://news.google.com/rss/articles/CBMingFBVV95cUxOeHJ0VVVaa3lXN2RjZUFyeEpWNDJwcUk4cFZvLXpsM1ZRV041SWxVME9Edk96YnAwZG1McEE5Sk9ybGkteE81emhuWUFnR1Job2JuMjY5RXVET2ZaWmtHelNnRDA2dngwOTF6bG9ITjlhVWpET3ZhUnFDVk5SclRwTU0zem5VckdoSVd6dk16NkxJbUw1X3BJSGFIRVBYdw?oc=5"" target=""_blank"">Amazon Shares Surge on Cloud-Driven Quarterly Beat; CapEx Outlook Raised</a>&nbsp;&nbsp;<font color=""#6f6f6f"">Yahoo Finance</font>",Yahoo Finance
2026-07-30 13:50:31+00:00,"AMZN Stock Rises Premarket Ahead Of Results: AWS, CapEx In Focus - Stocktwits","<a href=""https://news.google.com/rss/articles/CBMixgFBVV95cUxQTWttNVlsMWtHekVQcGkwNGFoYXNTRkxlNjF5VWVLRzFKX08wTmF4LXM1WXpmRzU2QW9hYWFhRHNIanMxTDZnOXFBSTE0U1NPQ25Pb0Nyc0dhajVlbGo0SVUtU2tCQmlFblFjdjVEenRMNWp0cFNad084Q2YxdUVCMWFCMTJidTBPcFVVLVRiNzhXZ1ZSeEtoaWxsY205UnBXMHdkalhhdk9MMEVaUnY1cENnQXYwS3VPMDUyUno5Z2lVejRUZXc?oc=5"" target=""_blank"">AMZN Stock Rises Premarket Ahead Of Results: AWS, CapEx In Focus</a>&nbsp;&nbsp;<font color=""#6f6f6f"">Stocktwits</font>",Stocktwits
2026-07-30 23:35:16+00:00,"AMZN Stock Rises After Q2, AWS Beat: CEO Says Even Higher CapEx Won’t Be Enough To Meet Soaring Cloud Demand - Stocktwits","<a href=""https://news.google.com/rss/articles/CBMigAJBVV95cUxPZTRtWUJ2SnhXQzhPd05RT1N6MVBRbU4ydEhGd0dwUWxJdHc1bTdzYXBuYUpRbVZfQ3J1TXRkWEV1VzgtYl9Wb0tKaV90cVo5R2F5c0dIR2xrV1hfcmJoOHVoT1NORkpUcE5mTlJSejN5a2d5MktvbGF4RDZNdXk0YjFVZS1XellHNmdFdlFpSWRXdlV3aURfanlONm5saGk1RHFPUExLUGVOM2U3aFVLWHF3SEl4VW1hR0N2WTNYeldwdy11OHVjS2t1bGx6VFNyWkRPaGFmaEh0S3ZNSVhpTlJ4WTdtSkJuVVhtbDZ2RUxPUXFZaTRkVVJnTkhtTDVK?oc=5"" target=""_blank"">AMZN Stock Rises After Q2, AWS Beat: CEO Says Even Higher CapEx Won’t Be Enough To Meet Soaring Cloud Demand</a>&nbsp;&nbsp;<font color=""#6f6f6f"">Stocktwits</font>",Stocktwits
2026-07-31 17:03:00+00:00,Amazon Stock Soars As AI Strategy Sends It To 'Top Of The Cloud Wars' - Investor's Business Daily,"<a href=""https://news.google.com/rss/articles/CBMirwFBVV95cUxOTlF4N0JRVDROcmQ1TzlidTJtZlMyc3hPbUczeFdYMEdsMXpVdkJRcGdXLVhDcG12UzdYRTZSWDdyVVhMeXBwVE4xZi1ZU19iVnRJQXhmQUVrUm9xVk43bGU4aEhGc0Q2VUdRUDBRQmQ5QnYxa29hTmtoX0p0c2UxQUItb01JQno3NFJwMFRMUTFFbE5aYjhkZDJ5U1pBLUR1NFpQdnVyaTlvRVpuV1RB?oc=5"" target=""_blank"">Amazon Stock Soars As AI Strategy Sends It To 'Top Of The Cloud Wars'</a>&nbsp;&nbsp;<font color=""#6f6f6f"">Investor's Business Daily</font>",Investor's Business Daily
2026-07-31 16:16:00+00:00,"QQQ is up 0.2% today, on AMZN stock price movement - Quiver Quantitative","<a href=""https://news.google.com/rss/articles/CBMikAFBVV95cUxPZ3Bzcmt1N3d1SGwwZi1hQWVoV3hUbnpSYmpzU0h2M0NWX0otWEhHem5XUHJHYXFGbnFoTE1uaTFXaUEwUUs3NC10eWxDMDY3NWdhUkRsYlNaVVNVeTFlZHR5TGN5VFgxazBwMThvSm1yQ1J4NHJnQUpHbVd0cTBuZEE4dm5vLXMwaFczdnd2U1Q?oc=5"" target=""_blank"">QQQ is up 0.2% today, on AMZN stock price movement</a>&nbsp;&nbsp;<font color=""#6f6f6f"">Quiver Quantitative</font>",Quiver Quantitative
2026-07-31 00:15:56+00:00,Amazon Stock: Growth Acceleration Sends A Huge Message (NASDAQ:AMZN) - Seeking Alpha,"<a href=""https://news.google.com/rss/articles/CBMikgFBVV95cUxPRzZkT2tzOW8zYzQ0bnRXbEZXQ0FLLVE1NkVrRUZ3S1hLRmRtWkNfbzhHTDF0Um4ySTVkZ2ZOZjc2R1EwbW1ybmlBLWFZNW1TcVczbWQwYkVwQlhiUWRTSGJUc29qNVBlekZYajdjaVFHRVNwVFpYSnJsY3hiZHJRa1AzV01wbld0ZHRpNjJWXzhKUQ?oc=5"" target=""_blank"">Amazon Stock: Growth Acceleration Sends A Huge Message (NASDAQ:AMZN)</a>&nbsp;&nbsp;<font color=""#6f6f6f"">Seeking Alpha</font>",Seeking Alpha
2026-07-31 13:46:34+00:00,Amazon Stock Surges as AWS Growth Powers Results - Investopedia,"<a href=""https://news.google.com/rss/articles/CBMiqAFBVV95cUxPbDh6Y0FmZ0pfXzRyVUdCSUl4dy1PbU9PN0VjV20zNm5DUXIwVG5pYXM3OExrQU55azZUd3pmYVRYdGJqTWdDMHhIMVJVNkhCejhtd0xacWFvOGN0TE9rcEN2LWxoSjdBOGpDYkdocHB1bGZzOGFTSGpIRXZPYWR4WUQ4NzEtb2M2ZThiZnlJU0ZfM2xvR3FKTUdsZFYyMVFkeE5tOURSNGo?oc=5"" target=""_blank"">Amazon Stock Surges as AWS Growth Powers Results</a>&nbsp;&nbsp;<font color=""#6f6f6f"">Investopedia</font>",Investopedia
2026-07-28 16:51:21+00:00,"AMZN Stock Rises Premarket, CEO Jassy Defends AI Spend: ‘We’ve Lived This Movie Before With AWS’ - Stocktwits","<a href=""https://news.google.com/rss/articles/CBMi7AFBVV95cUxNRGtacllNeElWakYzUXlVeXBibGljQWJiRHd2UzE0Y2hCNlk3S3dTQlpHa1c2VG1IRUV5OWxsMnpXVjdqdk5URXdtdTBTSC0yRmp0Q3pQUUlINW85OTNGbWFVR0Npb01UNFNualVZLU5YSjMwaVcxNDBsc3ptamNxLXV4VFZHOXEzSFZySHRmRVpYQTQ0emEwWl9WRU1tOFNHa29EMEgzeHBuT1RydWV3UHg1TlBlTVRCU1kxR1BmVlBBOENWWHFJRWY2UVlMRjJiZTNRRW9INDVUU0d6UzV0ZFVuZ0o2ZnVleVB4MA?oc=5"" target=""_blank"">AMZN Stock Rises Premarket, CEO Jassy Defends AI Spend: ‘We’ve Lived This Movie Before With AWS’</a>&nbsp;&nbsp;<font color=""#6f6f6f"">Stocktwits</font>",Stocktwits
2026-07-23 07:00:00+00:00,Amazon Stock Slips Below Key Level As Google Sets Tone For Hefty AI Spending - Investor's Business Daily,"<a href=""https://news.google.com/rss/articles/CBMiiAFBVV95cUxOQ3R2THRaNVhTU0NMSXdVNGxXd1FnQ0lJNXpkaEpSeUNFdE5HenB3SGtVcTJINGxNaXg1ajBCQnR1RERrcmo5ODJyVjZRM0dwQ2NkdEFVTUJoVDdnS2J3NGROOU92Tk1oV1ozWEF0ZGpYLW1jY0xJT0hvdE8tT1h0Y2xPVWRUTFZh?oc=5"" target=""_blank"">Amazon Stock Slips Below Key Level As Google Sets Tone For Hefty AI Spending</a>&nbsp;&nbsp;<font color=""#6f6f6f"">Investor's Business Daily</font>",Investor's Business Daily
2026-07-30 14:08:00+00:00,Amazon Stock (AMZN) Opinions on Upcoming Earnings and Robotaxi Approvals - Quiver Quantitative,"<a href=""https://news.google.com/rss/articles/CBMirgFBVV95cUxQSnBrbnRjaFdvN3Jndmk1cXNZYThLYUc0a1R4WlhPc2JZSWdKNGN5aDcwN0w4OXBxUmFGbUtIUmd0d2pPelpYbjltWmVidWtsQWtZSVVJakhtaWFURWtwTC05YnRiS1FOOExWWTVISzlzQ3JKVng0bWY3VFZjcFgzOXBpOE14X0l4SmQzcG1hS2plMFNvc3g5Q0tHQ0t6a1ZiR1EzeDY3WEsyb2lQaVE?oc=5"" target=""_blank"">Amazon Stock (AMZN) Opinions on Upcoming Earnings and Robotaxi Approvals</a>&nbsp;&nbsp;<font color=""#6f6f6f"">Quiver Quantitative</font>",Quiver Quantitative
2026-07-31 15:25:53+00:00,"Amazon Growth Accelerates, Stock Explodes (NASDAQ:AMZN) - Seeking Alpha","<a href=""https://news.google.com/rss/articles/CBMiiAFBVV95cUxOdi1kQUczamJPaS1MWVI1Vk9XMXZyM1NpeUNKeGNJSzZwX205cFc2WUFhX3ItVnRGN3drU05HeUktMnBwUW9BajRwWWs1U3FTNXNpal9lLUJ5XzByVHZBOVlkVk02V0hxa2RoeVNFQjY5RmxWMmkzbVhTNW42WG4wWUV5Umx0QXYz?oc=5"" target=""_blank"">Amazon Growth Accelerates, Stock Explodes (NASDAQ:AMZN)</a>&nbsp;&nbsp;<font color=""#6f6f6f"">Seeking Alpha</font>",Seeking Alpha
2026-08-01 17:46:10+00:00,Morgan Stanley’s Amazon earnings verdict has a blind spot - thestreet.com,"<a href=""https://news.google.com/rss/articles/CBMiswFBVV95cUxOTThvN2lOWEtmQThCcHkzd2pybGZ4bTVQR0dpT3czT2U0THlIVDl2T2RoWXNUVkFWbVBtVHpJamhBbU85Q2l0enRPZHE4bmFYVFkydVcxNndUd1pzRmNZVTNxRXRzTkM3YVZVX3o0TXgxMjV4b1ZCQ2YtVjR2RnRQbnNmQ2VaTk9GaUF0YWlCbXd3LWxxdTdQaW16RC1xTnFxWWp6d0dXLVVNUnh6TlVab0dOMA?oc=5"" target=""_blank"">Morgan Stanley’s Amazon earnings verdict has a blind spot</a>&nbsp;&nbsp;<font color=""#6f6f6f"">thestreet.com</font>",thestreet.com
2026-07-31 20:48:00+00:00,AMZN Stock Jumps As AI-Fueled AWS Drives Blowout Quarter - StocksToTrade,"<a href=""https://news.google.com/rss/articles/CBMid0FVX3lxTE83YUJlSjNsdHhnTkpZTFBkV0pQQW9WNUJpM1VOcU5FRTZ4MWhyVDhZbDVQOVhqb1hNV3NIcWtBVzY4aHhfWVNnbEpDU2hrbGVaeDZGcTdOeXJtQ3M5dXQ0VkRlU2IyczZiYmNITUVFNjdxNlpmLTcw?oc=5"" target=""_blank"">AMZN Stock Jumps As AI-Fueled AWS Drives Blowout Quarter</a>&nbsp;&nbsp;<font color=""#6f6f6f"">StocksToTrade</font>",StocksToTrade
2026-07-31 15:45:00+00:00,Why Amazon stock isn't getting bogged down by its negative free cash flow - Yahoo Finance,"<a href=""https://news.google.com/rss/articles/CBMiggFBVV95cUxQbHVCM1FzcXNIaVFyclNyTzZyVk5QMWdOakhUUzQ1QTFWS3BHblR2LVlHXzkwRzk1V3JaVXNlYTNlV1JZVGhBcDQxWVFnUkMxZnRzYkE2ZFc2NFhGM3IwUENzWk5aeE0zVFoteHBkVnhzaW15NXljbGstbUVSbFhZbFJR?oc=5"" target=""_blank"">Why Amazon stock isn't getting bogged down by its negative free cash flow</a>&nbsp;&nbsp;<font color=""#6f6f6f"">Yahoo Finance</font>",Yahoo Finance
2026-07-31 16:33:00+00:00,AMZN Stock Pops As AI-Fueled AWS And B2B Growth Impress - StocksToTrade,"<a href=""https://news.google.com/rss/articles/CBMid0FVX3lxTE9ubmRja2dVUkRxQlhDa1BqNzFzOFp2ekV4WGxhYWo1Y2diakpFM3kxYWU2MkZpc2ZydGc5OURGOWpRT0N4am5IODVHMEg2TklndnA3RlpiSF9ZN1pIZE5kbmt3RFJpaUxiTVQ4Um42eHo3a25RUHpR?oc=5"" target=""_blank"">AMZN Stock Pops As AI-Fueled AWS And B2B Growth Impress</a>&nbsp;&nbsp;<font color=""#6f6f6f"">StocksToTrade</font>",StocksToTrade
2026-07-31 19:03:00+00:00,AMZN Stock Jumps As AI-Fueled Q2 Earnings Crush Expectations - StocksToTrade,"<a href=""https://news.google.com/rss/articles/CBMid0FVX3lxTFB0SXZ2MThETjJTVEI2N2p0bmhmQS02V1hHRW4xVVEtcnI4QXcwSVBHSDEwb3pPeTI5ZlpXa1o1a1VfNkx2RzdTMlMyazJIYU9VUzYzS3A4XzdFQmdDcDVRdWRrSzZFQW1uLUtwSnJoQ2JEUXNyTno0?oc=5"" target=""_blank"">AMZN Stock Jumps As AI-Fueled Q2 Earnings Crush Expectations</a>&nbsp;&nbsp;<font color=""#6f6f6f"">StocksToTrade</font>",StocksToTrade
2026-07-30 21:25:37+00:00,"Stock Market Today, July 30: Amazon Soars Over 8% After Hours on Earnings Beat - fool.com","<a href=""https://news.google.com/rss/articles/CBMi0gFBVV95cUxQbkV4LUthUEJsNlVDS2stb18tM2ttXzZfQmJ6NzdqR3lTUTRuV1BBSlFPUllQcDhFMXV6Mk9SSjNSSE0xUWs4aHIyV3V1ZVBUbW0wcldITXNxMVVRXzZ2OWtaYXI1dHZOaUhDN1RvbkVQS1JISFRjQ0lISV9yc3FiQ2lkZmlHdFBQdGJFcGhsMHd6NkNTdmw3MmVJb1I5Z0FnYWx0azdDY1hFZUdpWXlKZVNMaWVqdGp5b3FTbTI5eGNTLUJreHFMNy16TTN5SU9jX0E?oc=5"" target=""_blank"">Stock Market Today, July 30: Amazon Soars Over 8% After Hours on Earnings Beat</a>&nbsp;&nbsp;<font color=""#6f6f6f"">fool.com</font>",fool.com
2026-07-31 10:18:41+00:00,'The Breakout the Stock Needed': Analyst Cheers Amazon's AWS Surge - Benzinga,"<a href=""https://news.google.com/rss/articles/CBMi1AFBVV95cUxNeTJiX3JXcHpDRDhDUndMblp1MHZQZmdrQlVsdGF4Nm9XMTVXcjJxd20zZjFMMXJoN05uRkJIdWFpZUd0Y0J3QTc0TzlGUVN3ZXVxLUdVTm1NVUpXbUs5Z1JTN3puWHlhMGNwX1JaQmtfYmJWalZOejVEbDNoSzNxQzBfZ29ndXB4UTR6YTNpYmpRQk5WUmg1SUNwdlZYSFFtRThldmFlSnJ3alh0VXRrRGh0RURLOEhhcGlSRE9DTzNmQzQtMXhlVGlsbktKWjh4aDRKMw?oc=5"" target=""_blank"">'The Breakout the Stock Needed': Analyst Cheers Amazon's AWS Surge</a>&nbsp;&nbsp;<font color=""#6f6f6f"">Benzinga</font>",Benzinga
2026-07-31 12:33:00+00:00,AMZN Stock Jumps As AI-Driven AWS Growth Smashes Expectations - StocksToTrade,"<a href=""https://news.google.com/rss/articles/CBMid0FVX3lxTE5WYmVuNm9TdXluakRiendxR0wwUHZ1Qi1kU1BJYjN1VHh3ZWlrcVpTSGRDR1B2aUV2elVkN2l0MHdOWWo0RWhXNnRSQVRxNmVHd3JYU1ZoQ3RCanRPUTh2Vzc4NnlnYkl5MU0wX0hwZE1vUFBubkxr?oc=5"" target=""_blank"">AMZN Stock Jumps As AI-Driven AWS Growth Smashes Expectations</a>&nbsp;&nbsp;<font color=""#6f6f6f"">StocksToTrade</font>",StocksToTrade
2026-07-31 11:08:01+00:00,Amazon is soaring - here is what analysts are saying (AMZN:NASDAQ) - Seeking Alpha,"<a href=""https://news.google.com/rss/articles/CBMilAFBVV95cUxOb3dFQlVQNUFReDl1LXBubE1tc0xDV0hTdW9wdDNMSlZVeFIxalpIWmhjVmM0eHBDLXliVkc2OFdoUEt6RHZSa1Jzd21PYVpoUWI1UlE0R0VFdTNWZ3J6Q0ZrWUlLOW5BSGZrc2wzTGdYWk81Vk01Slp1bEhpS0JuVlNGcThSYk14b0hPN2JXZktRZGdo?oc=5"" target=""_blank"">Amazon is soaring - here is what analysts are saying (AMZN:NASDAQ)</a>&nbsp;&nbsp;<font color=""#6f6f6f"">Seeking Alpha</font>",Seeking Alpha
2026-07-31 16:11:47+00:00,Amazon’s Earnings Beat Shows Why AWS Is Back at the Center of the Bull Case - MarketBeat,"<a href=""https://news.google.com/rss/articles/CBMisAFBVV95cUxQU2x6NF9SRVNMNkNsYU81dUlud0JxVTBhdGItSW9GV1QzTVZfTTZLV0ctZHBySklYWjYtdUFrUFFoWnYwbl9POWZSTjdDWkpHQXlGdV9EaXgwYUQ3ajFDVVVPeExjUFVFY0VickNiMGs0cDJJakZBdkhTcW9BUjBJZ01pc2FjX3ZJS19JZmE5UnZlV056OXRIMzRYdmFjN2tIc01QUGFpWTZmUFF6WExhaQ?oc=5"" target=""_blank"">Amazon’s Earnings Beat Shows Why AWS Is Back at the Center of the Bull Case</a>&nbsp;&nbsp;<font color=""#6f6f6f"">MarketBeat</font>",MarketBeat
2026-07-28 11:30:02+00:00,"Amazon Might Be Outspending Alphabet on AI, But It Doesn’t Makes AMZN Stock a Sell - Yahoo Finance","<a href=""https://news.google.com/rss/articles/CBMiowFBVV95cUxNMEU1bEUtOWlBQjZPY0xYTXZjTVhwa1hWRU1uN2pJSm1OdTFZcW8tMmVKREtxcmNnTk96UUNJOEZMVDZIYkhDNkNFYVZUcmdubmdZTmN5Si1XSDFXMkp6Zkw1S2tCT1VBSzM4bl9IT2RHdXFIQlBtSW44Z2tEdlJQWVcwcU04bi10RWkwVTRzb21KTEZwRFhJUllETU9mbURpbnU0?oc=5"" target=""_blank"">Amazon Might Be Outspending Alphabet on AI, But It Doesn’t Makes AMZN Stock a Sell</a>&nbsp;&nbsp;<font color=""#6f6f6f"">Yahoo Finance</font>",Yahoo Finance
2026-07-31 16:06:54+00:00,Why Is Amazon Stock Soaring Friday? - Amazon.com (NASDAQ:AMZN) - Benzinga,"<a href=""https://news.google.com/rss/articles/CBMi2gFBVV95cUxOWmZUUUlpMnVCaktvX0RiT2htczZMX3NLbXAyMm9sZ3J5cjhWWktJRkYzc1BHV3hiczhmOXZvT05Hb2JlYzNOWE0yUV9YbnhNY1VPM2dsV0tFTjVNTFBsVnZYd0t4aTZYWTNiSHlyY0M5T1c0NDBwSFVLV2RWWWZyV29GS2lKcF9kTnpDZUdxUjJJMVoteFpFd0prZmhaMzF3QXRNY0N0cExhNTRIdGZxZzZRd2NSd2ZJWnppSkZJZ0dqdGZlMkMwRXYxd0hvS1RFR3daS3hfNlZQZw?oc=5"" target=""_blank"">Why Is Amazon Stock Soaring Friday? - Amazon.com (NASDAQ:AMZN)</a>&nbsp;&nbsp;<font color=""#6f6f6f"">Benzinga</font>",Benzinga
2026-08-01 05:26:15+00:00,Amazon (AMZN) Shares Surge Over 15% Following Strong Earnings Re - GuruFocus,"<a href=""https://news.google.com/rss/articles/CBMitwFBVV95cUxOSjNmQ3oyZ09ZNDBWRlhHRmc5ZmRGRVZKTDRJRTU4bWJZRFQ2czBGWnlEaVpaSjk5VnhudW9mLXVEMlZ3dFBTdUJkd0VPMVh3X1ZuTERGbHFfQU1wYVZybkxwcmhPaXlJZE5mcFNUSXAyemVYUEJVNHE5VXlVRC1qaGRJNXdsRTZuRGtrQTZRMVZxM2xuMGZMdjloTXd2T01oR0YwQWcycElubTg3V1JPRUdrYlRZb3c?oc=5"" target=""_blank"">Amazon (AMZN) Shares Surge Over 15% Following Strong Earnings Re</a>&nbsp;&nbsp;<font color=""#6f6f6f"">GuruFocus</font>",GuruFocus
2026-07-31 11:46:29+00:00,Stocks Rise Pre-Bell as Amazon Results Lift AI Trade Sentiment - Yahoo Finance,"<a href=""https://news.google.com/rss/articles/CBMilwFBVV95cUxObXlHMEcyZWgxdFlMTUQzNWQyOHRaUU1iUGhNYnlIeHhYaUQwbW8xcjlEODJ6YXdMYVJmdGdSVEVGNUxfTDJUaEdSNURFN3RHVmJ5YXhYVVZQTlpPUF9rMnZCaEkteFRzai1xakFGd1hIZkVhejR0d25uZm52cjh3NUIyYkMxbmx0a3pGZGdWVU1LX1B0MDRZ?oc=5"" target=""_blank"">Stocks Rise Pre-Bell as Amazon Results Lift AI Trade Sentiment</a>&nbsp;&nbsp;<font color=""#6f6f6f"">Yahoo Finance</font>",Yahoo Finance
2026-07-28 19:10:42+00:00,Amazon’s Scariest Number Has a Track Record and It’s Bullish for AMZN Stock - barchart.com,"<a href=""https://news.google.com/rss/articles/CBMiuAFBVV95cUxOcjBkRVQ3RWt3ZXZBLUo3ZV96VGx1WFNnUmhHNkVXNUNJa1JKVXpod2JHZUM3U1lJU282OXE4TU9hZWtNQzhkbFd3ZlJhNV9MWm1lYlRyMTNvMXdEOWJPajVqN0pXZl9aRlZTODJNQUdlUFRJd0I4WEkxQjh6TkgyYXhFTnd0bWthWUtlU3N2X3VNNi1tZS1INGlVc2M5QjhtandySkN1WlBmSUVXREFKUTYzdzAtNlBE?oc=5"" target=""_blank"">Amazon’s Scariest Number Has a Track Record and It’s Bullish for AMZN Stock</a>&nbsp;&nbsp;<font color=""#6f6f6f"">barchart.com</font>",barchart.com
2026-07-31 13:54:58+00:00,Amazon gains put spotlight on ETFs with biggest exposure to stock (AMZN:NASDAQ) - Seeking Alpha,"<a href=""https://news.google.com/rss/articles/CBMipgFBVV95cUxQNGd4WmVXVk80akN0TF9ZYmVIRVlEVDhRZlRzTUlzczUxWTJnSU50eklGWHVUQ0o0X1ZXOEs3X0FUOHJYWTBJOV85a3JSY3dUR3hVNXlCVWRKREpzSU1CR2ptX1FVOXR5dTdFa1VqcjNSZnl3SHcwcW9WeDc2VUtpWnoyWTNVUHNRSGRVNHlheFYzRF9JNmpnUjBFRlByLVNsUW9mQ2l3?oc=5"" target=""_blank"">Amazon gains put spotlight on ETFs with biggest exposure to stock (AMZN:NASDAQ)</a>&nbsp;&nbsp;<font color=""#6f6f6f"">Seeking Alpha</font>",Seeking Alpha
2026-07-31 11:47:00+00:00,AMZN Stock Jumps As AWS And AI Spending Ignite Wall Street - StocksToTrade,"<a href=""https://news.google.com/rss/articles/CBMidEFVX3lxTE5YYlFFNVp3YWxmUmxScGxpV3NrSXd5Nm94WmhXX3hWNExYYVNBZnZUZXg5LURTWV9DY1NFanNoU2RMSzJucXZ1Z0Z0ZnFfNmJhc3BxVEc5SGhkUEtKc3Nyei1GWXZCWkNnQndLWFozUmI2aEpX?oc=5"" target=""_blank"">AMZN Stock Jumps As AWS And AI Spending Ignite Wall Street</a>&nbsp;&nbsp;<font color=""#6f6f6f"">StocksToTrade</font>",StocksToTrade
2026-07-31 12:00:00+00:00,"Dow Jones Futures: Apple, Amazon Diverge Late; What To Do As AI Stocks Rally - Investor's Business Daily","<a href=""https://news.google.com/rss/articles/CBMiwgFBVV95cUxOY2s1TWNNZkh6ZndHVUs0LTZaV1lteUZEbXotUEVmMklsMUMtbjlCal9HbnRXaEVNQlo0aW5IaUpLQTY1alFEaTVUc0NnS3Vlcjg5MFZwbEJ4RFE0YWc3M21TdUNNc0xCdU9hTXBOdEZoY2h5QkhIc3dKME5VM0VNOXBmZWIyVXE1YmJaNnlnY3dZenZDYS1hWWZoMTJCSkxoOEd6bEYzTDdVanhkbGFnWnVuMG9sZEI0ckNoNXBYbXdFUQ?oc=5"" target=""_blank"">Dow Jones Futures: Apple, Amazon Diverge Late; What To Do As AI Stocks Rally</a>&nbsp;&nbsp;<font color=""#6f6f6f"">Investor's Business Daily</font>",Investor's Business Daily
2026-07-14 07:00:00+00:00,Wells Fargo Lifts PT on Amazon.com (AMZN) Stock - Yahoo Finance,"<a href=""https://news.google.com/rss/articles/CBMilwFBVV95cUxQLWVMdFVNRno3OGpnNHNoNFduNDdzQ0VLbW1XY09VNEctYzNHdVB3M2NfbHBiWWdlOGNTWUtfdG1EXy11QUZoYURKek1jYWJBR2lvb2F4OERfR1pqTVJaSi05OE8yYmxzZGFvSUpZbHpYUVZNU0xnOHo5M09WNks5ZVJaTGxaTFAtUG11WnlaclJrdjV1NlU4?oc=5"" target=""_blank"">Wells Fargo Lifts PT on Amazon.com (AMZN) Stock</a>&nbsp;&nbsp;<font color=""#6f6f6f"">Yahoo Finance</font>",Yahoo Finance
2026-07-28 08:54:44+00:00,Amazon.com Stock 5-Day Losing Spree: Stock Falls 7.4% - Trefis,"<a href=""https://news.google.com/rss/articles/CBMivwFBVV95cUxQaE50ZVNoa0l3cXFGb2MyaGhROWtXbVIxTzNKeko3YmRBOW1nZWRJUlM0RE4zRmpGbzlJYmJ6aXNabjRKcFBuYzlmZzRhWXZmcXJ0cy1WVGNrSGo4cFdJeDEzck9kdF9uU0tLNVRGVTlscEJPSWRZMG13WWZaZWdGVC04T3NSSk1ERi05LWFNYkFsY1RCNTRVYXZGR1M2aU5KMDA5ckhuaFdlbHdWQlZPTGR0SE5BeFMyM0Zrdl9PNA?oc=5"" target=""_blank"">Amazon.com Stock 5-Day Losing Spree: Stock Falls 7.4%</a>&nbsp;&nbsp;<font color=""#6f6f6f"">Trefis</font>",Trefis
2026-07-31 00:13:54+00:00,"MU, SNDK, WDC, SKHY Stock Jump After-Hours — Memory Chipmakers Soar After Amazon, Apple Management Flag Soaring Costs, Supply Crunch - Stocktwits","<a href=""https://news.google.com/rss/articles/CBMi4wFBVV95cUxQZjlaZEl3bE1qZWExVXIzN3BhdEhkT1prYnk4c3Y0TktkVjJZQ3FfRGE3aVhVVjhKbFk3dGlsYnNmd3NJbGNpNnU2VkJybEx0dFRybWFmU05HRWNfbi16OWNIcDdneENNWHlkQTdEaXVRcEExM1NOalBEN0tvZERlZlAyT3YwSTJwZngtN0FGNUgxbHVwNUhaR0Q4dXFkbmJzYjlJWk1TMjA3MzhhbHFCV2ZZZWwwVVQ3WndhQ2FGUnB1RFk0NmJfQ2hQTml2c0pubTdtVXFRRGJGZVBpMTRHTzJDdw?oc=5"" target=""_blank"">MU, SNDK, WDC, SKHY Stock Jump After-Hours — Memory Chipmakers Soar After Amazon, Apple Management Flag Soaring Costs, Supply Crunch</a>&nbsp;&nbsp;<font color=""#6f6f6f"">Stocktwits</font>",Stocktwits
2026-08-01 01:14:00+00:00,Amazon's Free Cash Flow Swung $26 Billion in the Wrong Direction. The Stock Rose 15% Anyway. - fool.com,"<a href=""https://news.google.com/rss/articles/CBMimAFBVV95cUxOOUg5Z1R4bDhoNWhuZFFuUFpvSUhZWWVySGxSdWd4bFpQZjFXR0E3NXlCeEVHaVRKZzRXN3RnNGZvb3RXWURHbDRfUWxUb0pjbTVSUEVwd21vdUlRQUU2VGNKQkZDRzd1NEladnQ2YnprdGdhc3ZXdTl3OE1IaUhUeEswQVZ2NnJCTlpkRmtyNTJEOEFlbUlIQw?oc=5"" target=""_blank"">Amazon's Free Cash Flow Swung $26 Billion in the Wrong Direction. The Stock Rose 15% Anyway.</a>&nbsp;&nbsp;<font color=""#6f6f6f"">fool.com</font>",fool.com
2026-07-31 15:36:29+00:00,Amazon Stock Soars as Analysts Praise Its Best Quarter in a Decade - Benzinga,"<a href=""https://news.google.com/rss/articles/CBMirwFBVV95cUxOaDNuako2dDdRY1B0WWlRUHNDOEVXaU5PblRXYk96bUNRNmhTMlFSNTdmSXNvQk5LMnFPVUpDbFVKSE1IdlVpUGljZG96UzhmZHR1dkdBb2JqaXBmQVNFOUR0SWNCSWJFWXIwYW1FYlZRRWl0N2QtVElRVXRldGRfVGt0d2RsaGJKamE5QWNsNFJvbHJZdWp6Q2t3eXVkYW1WamVQNlNGWkt1Z1I2LTNB?oc=5"" target=""_blank"">Amazon Stock Soars as Analysts Praise Its Best Quarter in a Decade</a>&nbsp;&nbsp;<font color=""#6f6f6f"">Benzinga</font>",Benzinga
2026-07-30 13:00:02+00:00,"3 Catalysts Support Amazon’s Q2 Outlook, But 1 Concern Clouds the Stock - barchart.com","<a href=""https://news.google.com/rss/articles/CBMiswFBVV95cUxNRTdNdWc3REg0bElVRkxFUWc3NTQ4b0RZRnVOMTM2Nldoc2N2QXBGaHRQQ05jQXkycG5EWG1VckZYdFg2RXY2LXhWT3doRUdUMkV3M3RIaHFCSDI5cEF2QndLSnhfd0c5SHNlZHZJU2NmVTFjVVZBV2JnRW52WjFudGdwVlFhU21ZZTc0ejdldThWV29XMFVBa3JGLTVZelVkVzdkOHhkbEt5a19iLTItODJLVQ?oc=5"" target=""_blank"">3 Catalysts Support Amazon’s Q2 Outlook, But 1 Concern Clouds the Stock</a>&nbsp;&nbsp;<font color=""#6f6f6f"">barchart.com</font>",barchart.com
2026-07-27 17:38:56+00:00,Amazon Earnings Preview: Is Wall Street's AWS Bar Set Too Low? - tastylive,"<a href=""https://news.google.com/rss/articles/CBMiowFBVV95cUxQNDFsenJYMHVIN2kxNUxkaG5YeVJiWHMyQmpNZ1lySkNaUlloUEpCbld2aHI3UmZmRFREN3FudHlHWndob2VNLWptbXRyNEY0QXdITTNpTWFQX3piRUdnWElqclQtdUQ5Q1I2Z3hsY09OWHJOMzhhSWJzN3pSWVpqWUNJcnl1TnNqQngzMkFRbWJua2RiZFlOb0NDcmdscUpWbkFv?oc=5"" target=""_blank"">Amazon Earnings Preview: Is Wall Street's AWS Bar Set Too Low?</a>&nbsp;&nbsp;<font color=""#6f6f6f"">tastylive</font>",tastylive
2026-07-31 20:34:00+00:00,Wall Street Rushes to Raise Amazon Targets After 15% Post-Earnings Stock Surge - BeInCrypto,"<a href=""https://news.google.com/rss/articles/CBMiakFVX3lxTFBseFROSUJGMWFtQ2hVcGZqaUVrWFR2UXdTMFJ3M2hab19xdUlpNmFiajEyZHp0NG1UM3BwWjY4VXRMUlVoOTRwYUNKeUx6dGttNjFfWXhUTzFLZ3E0TzI1TWl5RFB3akdOX2c?oc=5"" target=""_blank"">Wall Street Rushes to Raise Amazon Targets After 15% Post-Earnings Stock Surge</a>&nbsp;&nbsp;<font color=""#6f6f6f"">BeInCrypto</font>",BeInCrypto
2026-07-31 16:23:34+00:00,Bill Ackman’s Amazon Bet Pays Off: Initial Stake Up At Least $423 Million - Amazon.com (NASDAQ:AMZN) - Benzinga,"<a href=""https://news.google.com/rss/articles/CBMi0AFBVV95cUxNTWFBdUdaMjBwLU9kbUQ1RUtRXzQweXJFRms5Ym1sU2JYQVpGem9pZ3hhV0czeGVaeUNDemlhZUk1dURYcjJZclNJbXloR3UzbVNZQkhYcUI4WTNiclpoM2N1UEd5b2FLa3F5QnNqdFVPTEIxRjk1a1MteWtULU9xeFpMa0tpOU5JZWpQdXUxSUJSMWJ3LWJ2cEtMSVo2MXhEYkg3aTFhcUJoekllVWIzN2lnNXVVSW9VSEdPNUVBYmVGcVNMc3QtUklEWFg0bG9q?oc=5"" target=""_blank"">Bill Ackman’s Amazon Bet Pays Off: Initial Stake Up At Least $423 Million - Amazon.com (NASDAQ:AMZN)</a>&nbsp;&nbsp;<font color=""#6f6f6f"">Benzinga</font>",Benzinga
2026-07-10 07:00:00+00:00,Price Prediction: Amazon Stock Will End The Year at This Price - Yahoo Finance,"<a href=""https://news.google.com/rss/articles/CBMinwFBVV95cUxPUVpIZHVTQjBwMzJ1X2lSM25aUUtzdG9mcFprQ3Y3c01nMjRSMGUwOGZXMDI2Rk56d2ZJUENNZ2dxODRVYU1Hc2NERGk0eHR4VjNGbzlUS1IwOTZsbFlvR0hPazdrN1VjN2FBMVNwQlJBd2FUUGk2STg4SzlZYlpQa0d1UFlFZ05zRnNPRG5WanlRbzFRMEpSdmUwVjNUREk?oc=5"" target=""_blank"">Price Prediction: Amazon Stock Will End The Year at This Price</a>&nbsp;&nbsp;<font color=""#6f6f6f"">Yahoo Finance</font>",Yahoo Finance
2026-07-31 09:01:26+00:00,"AMZN Stock：Q2 Earnings Beat Estimates, but AWS Is the Real Story - top1markets.com","<a href=""https://news.google.com/rss/articles/CBMilwFBVV95cUxQZk5fTjBfYU9HMmV4Xy1UcmplNGlDVzNGOTE4eUx5dklxdDg3TVZHaVk4cmtZQmtWMVF5Q3FQNzdVSXM0UnEyTGRoM2NDeDZUOGRCMWtGbW1wVmh6VDNSeUV5WEV5MXZxQmtUWWNXSF9PTVQxNTRiLXprbTdXMlYyLW55MC1iQWFKYmp0ZE1lRTEweVUzQTBF?oc=5"" target=""_blank"">AMZN Stock：Q2 Earnings Beat Estimates, but AWS Is the Real Story</a>&nbsp;&nbsp;<font color=""#6f6f6f"">top1markets.com</font>",top1markets.com
2026-07-31 09:01:00+00:00,Wolfe Research reiterates Amazon stock Outperform rating at $315 - Investing.com,"<a href=""https://news.google.com/rss/articles/CBMiwAFBVV95cUxOSHBCU2hBN3lqd3dCYVduZ0Q1bFlPWkNSOGJEaDNVdnZZQnktb1ZGSDZScXZqLWVlTnFqcGxmRDVITkp6RHRuU09xT1NVVVlMcWN0UzRnTldURHpCRlVZci1MaWtSSUItUHlpNENxNm1DQUItN1ZsRDYxdG05TXhZU1Fud1BhYUZjTXkteEFsd3c4UUxuSm9EeUIzYWp6aVE4X25ETEg4VUdOcUdrWGlZVmllWjdtOFVLSlFzc3M2WVk?oc=5"" target=""_blank"">Wolfe Research reiterates Amazon stock Outperform rating at $315</a>&nbsp;&nbsp;<font color=""#6f6f6f"">Investing.com</font>",Investing.com
2026-07-31 20:45:00+00:00,Amazon (NASDAQ: AMZN) Stock Price Jumps As Cloud Growth Hits Four-Year High Despite AI Spending Surge - foreignpolicyjournal.com,"<a href=""https://news.google.com/rss/articles/CBMi4AFBVV95cUxOTWdobll5b1plV0VISmFRTFRvSFQxOEEwb01CZHByVmdqX0tLQnJPdjZGaGxvTS1lYl9JWnhwXzlqOUVqT1VvNVNMcXA1LU9taWt6SzlpcHAtQnBLWWVkOTZvYW5tV29JckVjd25tVmhLUzJ5SkhVMk9vU2YxQU80aGNnT2hpeTk5dFlDTjA1YzlSX3pXcXB2bmFmMXl6b09KNkZYak5rVTVZOWVTZkhMY0VFUElBd2lUMmpWUG13OVNVbGdyMkZrZWlvVklMZ0xjZlBKdm02akRDeEVFbF9kdg?oc=5"" target=""_blank"">Amazon (NASDAQ: AMZN) Stock Price Jumps As Cloud Growth Hits Four-Year High Despite AI Spending Surge</a>&nbsp;&nbsp;<font color=""#6f6f6f"">foreignpolicyjournal.com</font>",foreignpolicyjournal.com
2026-07-29 18:26:00+00:00,"Amazon (NASDAQ: AMZN) Stock Price Targets $307 As AWS Reacceleration, Ad Growth Fuel Bull Case - foreignpolicyjournal.com","<a href=""https://news.google.com/rss/articles/CBMi1AFBVV95cUxQS3lPekJvQ2xIcml4RlFTUXluZ2lLY0FrMi1vdTY0bE1zVUgyOXVoSC0wYWtmSll4WEY1WG96R01XamlzMHZYbV9LYUpYbWtTblNMS3hTZlpCdXFQMVJXc0NaZ2VlQmdId2VUS0duUGhkdHdfRjNWUjNodlZDdnpYUnl3VTAzemFEOUZLeXdzc1owd3pPZlVfSmRnVXRtaUNuWlB4N1JlUXdLQVN3bmNQTzh3cGpNZ1RuZ3JZbWtteExhSGhfNkx4Y3NxbWs4Nm1Sc1RMdQ?oc=5"" target=""_blank"">Amazon (NASDAQ: AMZN) Stock Price Targets $307 As AWS Reacceleration, Ad Growth Fuel Bull Case</a>&nbsp;&nbsp;<font color=""#6f6f6f"">foreignpolicyjournal.com</font>",foreignpolicyjournal.com
2026-07-22 07:00:00+00:00,AMZN Stock Drops For Second Day — Amazon Reportedly Cuts Jobs In Artificial General Intelligence Unit Amid Strategic Realignment - Stocktwits,"<a href=""https://news.google.com/rss/articles/CBMiygFBVV95cUxObGx0T21YQzRqVjNDR3A2cEx1RWI4RTZidVNhbk9mQUZpZ3loUEJtbWd0SFBlOFdKY0NtaEp2SWpTVDRGLUVWWnFSOUJ3dS13N05KbTlPcC1aYTV2M3YyVTNkRExpTG52UTZWYVZDQ3dzRl8wV3FzTGlGWXByUi1kd2xmcnRlXzFBNk8tMGJUYUZJeVYtUmo2ZDUyWDFRNGkteWZNNjIyYTh4Y1JSMTFaNHdlS2VuSEJjdS1tU0RGWFljVmsyZVdmZmlB?oc=5"" target=""_blank"">AMZN Stock Drops For Second Day — Amazon Reportedly Cuts Jobs In Artificial General Intelligence Unit Amid Strategic Realignment</a>&nbsp;&nbsp;<font color=""#6f6f6f"">Stocktwits</font>",Stocktwits
2026-07-31 19:02:00+00:00,AMZN Stock Jumps As AWS And AI Bets Accelerate - timothysykes.com,"<a href=""https://news.google.com/rss/articles/CBMidkFVX3lxTE40SmNEckxqc2RsWTNsSk5qNzloQzZ1eTlHanYwZXM5Yl9yZnVDcUllaXBDSlVNald5TktkdkRMdG9VV2JRUUNTTVhkUTFsTXVTNjNWUEs4MXhySWN1Uld2YlpjV2VKNVluZGt4bGQ0MEdMbWJHeEE?oc=5"" target=""_blank"">AMZN Stock Jumps As AWS And AI Bets Accelerate</a>&nbsp;&nbsp;<font color=""#6f6f6f"">timothysykes.com</font>",timothysykes.com
2026-07-31 08:58:50+00:00,"HSBC reiterates Buy on Amazon stock, keeps $310 price target - Investing.com","<a href=""https://news.google.com/rss/articles/CBMiugFBVV95cUxQSkRmTjhtcGRxUGFzQkhycXBEQ3NYRWpMR0hHTUJhaGlUM01JT1QzREw4b2VYTGZKdG1WRElSQmtZM0twU2lDZ0NNb0t2d2pxcDZ3Njczcl91UXdFV1hGc1FlRnowamdmY1FuelVKamQ1b3JoRFI4M2JJc3FpMmtLSGpNRlZCckpGY1UxM3lheFRZNU9GWHU5SUJ4VktaMjVGeVo3SFNUaTNoSUprMzhOdDVYOUg4eTNyRFE?oc=5"" target=""_blank"">HSBC reiterates Buy on Amazon stock, keeps $310 price target</a>&nbsp;&nbsp;<font color=""#6f6f6f"">Investing.com</font>",Investing.com
2026-07-31 11:49:00+00:00,AMZN Stock Jumps As AWS AI Momentum Smashes Expectations - timothysykes.com,"<a href=""https://news.google.com/rss/articles/CBMic0FVX3lxTE9fa2pVTkwzWnZhaUxkUFdYWk5PYmhleVpyaldHeUUtWlJjUXJlUkdoLWxlOTNONklvX1RYY1Q0bjQ3cDJXMEN0WDFLTVo1emlpQTBydDg2RTVBNElhaTF6VWE3ZktULU5FSDA1MGN3ZHR1Wms?oc=5"" target=""_blank"">AMZN Stock Jumps As AWS AI Momentum Smashes Expectations</a>&nbsp;&nbsp;<font color=""#6f6f6f"">timothysykes.com</font>",timothysykes.com
2026-07-31 19:01:23+00:00,"Amazon Stock Soars After Q2 Earnings: Buy, Hold, or Take Profits? - Zacks Investment Research","<a href=""https://news.google.com/rss/articles/CBMipAFBVV95cUxNTnB0VVl2TjNMZnhQcmdNaDBfVllHS240Rk43UE9IbXdsVG1XSmJGUzBHVUxVbXJzUEpEZEpmRU1ybHc4THd0clZRRkFyV3dGYlkwZl9JY3E3eDViUnN4QnMyRnJhMERuWjNBYmwwTGx1YU5rbEU2N1VsUDNBNzZackZsZWhXeG5XdzhTdU5FZlNuS2tJOHFveG1MSm5VOEtYX1M1cA?oc=5"" target=""_blank"">Amazon Stock Soars After Q2 Earnings: Buy, Hold, or Take Profits?</a>&nbsp;&nbsp;<font color=""#6f6f6f"">Zacks Investment Research</font>",Zacks Investment Research
2026-07-31 20:48:00+00:00,"AMZN Stock Jumps As AWS, AI And B2B Engines Roar - timothysykes.com","<a href=""https://news.google.com/rss/articles/CBMidkFVX3lxTE55SDZVQjZQZDF4aUlUbGdVRTA1dUNrc1E3dUdKaHUtWk04eXk2UFNzSzNKeThqU3hqRkVzUWFJSmROTmJ1Y1BjcHRvakRMQWxHbnRNeDVJU3RvY1JVWUNUSS1rNTYwRXlGWG1uYTRDclFiWmJ0WlE?oc=5"" target=""_blank"">AMZN Stock Jumps As AWS, AI And B2B Engines Roar</a>&nbsp;&nbsp;<font color=""#6f6f6f"">timothysykes.com</font>",timothysykes.com
2026-07-31 03:29:06+00:00,AMZN Stock Jumps After Earnings: Is Amazon’s AI Spending Finally Paying Off? - mexc.co,"<a href=""https://news.google.com/rss/articles/CBMirwFBVV95cUxQbW96VWdVQ29hZE1CR2Y2aXpDMW4wM05fOEFTdGZLSkYyV2Fqa1EtN3BZY1dWeFBFY3ZGVldyRG5nZlpsRVRGOVFLOWk5VE5wWFJWTUlnMUg3clpBaE9NLW5Sek9ld1QyQ3dXWXRDSmt6S2s2WnU1U01IM2dCck0zc2JPWG1xY0llcjBNams0U0ZlcUJ2dTliZGV4ZWJxRXc2QVd1VkVOYmhyaXg0ZzEw?oc=5"" target=""_blank"">AMZN Stock Jumps After Earnings: Is Amazon’s AI Spending Finally Paying Off?</a>&nbsp;&nbsp;<font color=""#6f6f6f"">mexc.co</font>",mexc.co
2026-07-31 09:00:21+00:00,Morgan Stanley reiterates Amazon stock Overweight on AWS growth - Investing.com,"<a href=""https://news.google.com/rss/articles/CBMiwAFBVV95cUxPVTBBRkZUYU81ZVZJQTlWdV82Wm0zLUM2dzFseWNJNzFtRUNtcWFhRWcxZzR6c1hsd3RDeUZlbk9aRTgtNVNuSVdQRGY0NFFxeGVPNEt2Yk9YUUZmUFFfYThKLVEtbzdibFFEeE5zRk5hUkRLRHNTSWdSYmdFYkJYQUJGbWlhRlg3MFk0VTN1aWVubEpWRGs5SWlWc29CZ2FYaDhsbUJQLTdzNmZ0NDRYUks5YlU2Nzl5eEZGVF9qOUU?oc=5"" target=""_blank"">Morgan Stanley reiterates Amazon stock Overweight on AWS growth</a>&nbsp;&nbsp;<font color=""#6f6f6f"">Investing.com</font>",Investing.com
2026-07-30 07:00:00+00:00,AMZN Q2 Deep Dive: AI-Driven AWS Growth and Cost Leverage Shape Outlook - StockStory,"<a href=""https://news.google.com/rss/articles/CBMizwFBVV95cUxNMEN1NGVLbFZrX1pxZUg2bzFoWlJDeVpWT1Nfekc1bXp5SDU5WUg3OFF2aTRIeEFTelhyc3lpLXk5bXRoMDdzMUNHbGg5NTFLNTliWkJmeG5HcGFJa0VjVjdtbDBDSFFaMUFNRGxDTnlEQmNXYXBIUlJVRHRWTklkYnEzTlhLXzAwUmZraUxPcWpLdUdRb3k5bHRrZFNxazJJbkJBOU9Daml1WDAtV3NtbmZtQVFMNUFIUzhFWjl2RXlEbUdFY2UyMnRjN3RYVGc?oc=5"" target=""_blank"">AMZN Q2 Deep Dive: AI-Driven AWS Growth and Cost Leverage Shape Outlook</a>&nbsp;&nbsp;<font color=""#6f6f6f"">StockStory</font>",StockStory
2026-07-31 14:23:00+00:00,"Biggest stock movers Friday: AAPL, AMZN, COIN, RDDT, and more - Seeking Alpha","<a href=""https://news.google.com/rss/articles/CBMijAFBVV95cUxONGZhZDI4alk5Vm9mcnBXSFBkSGN1VVhpVmlILWY2dVE1VUFjX0hNY1NheUphUFNDcmZVV1FLNkc0bm93VjRBeURQYnJYcW9Qb04zdi1qeXNmbmMtQWVXYjlWSVZUV2FMeFVOcnBoQmppLXotQUw5OEJ4em5oU0NHZ2pmNm50ZnRVaC02NQ?oc=5"" target=""_blank"">Biggest stock movers Friday: AAPL, AMZN, COIN, RDDT, and more</a>&nbsp;&nbsp;<font color=""#6f6f6f"">Seeking Alpha</font>",Seeking Alpha
2026-07-31 16:17:42+00:00,"Amazon (AMZN) Stock Jumps on Record $200B Q2 Revenue, Fueled by AI Growth and Water-Positive Goals - CarbonCredits.com","<a href=""https://news.google.com/rss/articles/CBMivgFBVV95cUxPZ2oyc01lOXZCMGF3NEFTNzBIamFLMDF6c29UV0dtd1VEZG9KNFpiTEIwZDdybWx5NGV2aHNRY1RtYWs3azdSU1FHcjNEOWdUQzdvX29uZU1uc2s5SktJV1lta2V2ejB1dEhfajFfMEpBVlQzelZzaWRTanByODhMQlBsN0ZwMDF3MUpjakVVbWp4MmlMWGg0Ti1HRWY3OXI4NnFDSWdzU1hQeTNaM3NjWEZQdkFOaUlfR3dVYzRn?oc=5"" target=""_blank"">Amazon (AMZN) Stock Jumps on Record $200B Q2 Revenue, Fueled by AI Growth and Water-Positive Goals</a>&nbsp;&nbsp;<font color=""#6f6f6f"">CarbonCredits.com</font>",CarbonCredits.com
2026-08-01 07:55:00+00:00,Amazon vs. Microsoft vs. Alphabet: Which Is the Best Cloud Stock to Buy Now? - fool.com,"<a href=""https://news.google.com/rss/articles/CBMilwFBVV95cUxQX2l2NUtxZXFCYTZjWE41QTVxbWk3RkR4STFyWjBrNUg3cWZZc0VBc09JNG1iS3dTTEVXalM0cnJjYkNLZlJfWmVCOUFUWE8ycVFacVFGSXN1Z19BZURVLXROTDg0ZXAwX1BVVVFlNkNzNU9lSERoOFRPaDZUQzg3SjFyM3dMVWpsZ3pLelhDbDR2d09NQksw?oc=5"" target=""_blank"">Amazon vs. Microsoft vs. Alphabet: Which Is the Best Cloud Stock to Buy Now?</a>&nbsp;&nbsp;<font color=""#6f6f6f"">fool.com</font>",fool.com
2026-07-31 08:57:28+00:00,Barclays raises Amazon stock price target to $365 on AWS strength - Investing.com,"<a href=""https://news.google.com/rss/articles/CBMiwgFBVV95cUxPQXp6WENiMGZoTGRhQW5jWTFJLTMwU1Z3R3VIa0tKal9VcTQwcWdfYjc0MkZwc0dSejFvUGhKRGNYb2MxM0xhNjBXYldlVUNqajk2c0RsbDRvejlVdUZMQklaMzdKN2Q4RHFibnkwTnpqY0NLelNjUW1faWw5Q2JIN29JclVXaE44TEM4Q0N5ZXFQUlUza1JoWmNNWnI1LWY3VnZzbjE4WHVFRUoxelBWUmxaVkdCbzNrbHJuZFQtdkMwQQ?oc=5"" target=""_blank"">Barclays raises Amazon stock price target to $365 on AWS strength</a>&nbsp;&nbsp;<font color=""#6f6f6f"">Investing.com</font>",Investing.com
2026-07-31 12:40:48+00:00,Amazon Stock Jumps 12% After AWS Delivers Biggest Growth in Years - TradingView,"<a href=""https://news.google.com/rss/articles/CBMiwgFBVV95cUxOaGllTHhJQ2owMGNnalFxVUZ5U1hfZEMxZzNXWm1YWlhiMndKWkZ4Um9ydHlxVzRhUk1MNGNURmt1MXE4U2FDdjB4SjJkSEFvWjljNkhCU2FReXdodjAweU9lSmdfeFlCY2NudGRlZHJZekRfRHp2RDVqblpuN1hGNlFzeHJab2lPQzg1TDZWdE1FTjZNR21IZGxyZTNKY0tnNFJleGRSZzAtUGludHB3Njd4NGxvYWlhX2FheG1NZ1dxUQ?oc=5"" target=""_blank"">Amazon Stock Jumps 12% After AWS Delivers Biggest Growth in Years</a>&nbsp;&nbsp;<font color=""#6f6f6f"">TradingView</font>",TradingView
2026-07-31 13:19:00+00:00,AMZN Stock Jumps As AWS AI Engine Powers Blowout Quarter - timothysykes.com,"<a href=""https://news.google.com/rss/articles/CBMidkFVX3lxTE9fVUw1akNzQXNkWXdUN1lvYlZsRVctTnJyQ3h4aHVwa29YWGFEd1BIaWlkNEFaa2JkemJsejBJVTFKVHdEbGFtRldROVpIdDhqbXo5emNKNGZFZmlvX0xITUVjWE5OOXZRMUJsT1VnVnZwY1c4ckE?oc=5"" target=""_blank"">AMZN Stock Jumps As AWS AI Engine Powers Blowout Quarter</a>&nbsp;&nbsp;<font color=""#6f6f6f"">timothysykes.com</font>",timothysykes.com
2026-07-31 11:35:19+00:00,Mizuho raises Amazon stock price target to $330 on AWS strength - Investing.com,"<a href=""https://news.google.com/rss/articles/CBMivwFBVV95cUxPdUVYMVhkRXNxYkljRlp3b2F3NDBkT0pMTm5sQ0hZTk55Mk9EdHJ5eXJ0OEMzRTY5ekRPdU80d2dFOE0zbTJ5RU5BNkppNmFnYUlsUXlHLWd4aTgwaHlGMWx3S1hIZWtwR21RaFRCQjJfR3BTN29fam5BTlNnX3lZcGNpWEV0U1JwYXZpRF9ZMlhHQUk4VGF0SVJCQmUwdFM3MlcyRHlET19zV04xRzhNMTh2LXhfWDZzRW5vendjUQ?oc=5"" target=""_blank"">Mizuho raises Amazon stock price target to $330 on AWS strength</a>&nbsp;&nbsp;<font color=""#6f6f6f"">Investing.com</font>",Investing.com
2026-07-13 07:00:00+00:00,Amazon (AMZN) Stock Trades Below Fair Value On Its 85% Run - Yahoo Finance,"<a href=""https://news.google.com/rss/articles/CBMimwFBVV95cUxQMmlfTXFsRE1INnVQSXJid2Ftb1B2al9mSUVNaTJYUUM0ZnlDc1V2X3lTUExwZkg0RTJWblBzc2xsbWFVMnFDSkI3RDZDcVVQS01hNVBxelc1UVFBMjU2SWtGV0VGSHVfVTl0TnFZcGNzYUttMFNpSTZpZmo1eHdidXNRbm53dWdSTW9OREtLdEpPT0JvajFoU1Jnaw?oc=5"" target=""_blank"">Amazon (AMZN) Stock Trades Below Fair Value On Its 85% Run</a>&nbsp;&nbsp;<font color=""#6f6f6f"">Yahoo Finance</font>",Yahoo Finance
